gu_name,아파트,거래량,평균시세
강남구,까치마을,48,12.4억
강남구,개포자이프레지던스,46,35.5억
강남구,강남자곡 힐스테이트,44,12.3억
강남구,래미안강남힐즈,42,20.9억
강남구,성원대치2단지아파트,41,15.0억
강남구,세곡푸르지오,40,15.7억
강남구,도곡렉슬,36,37.5억
강남구,신동아,34,14.2억
강남구,개포래미안포레스트,30,29.6억
강남구,강남엘에이치1단지,25,15.4억
강동구,고덕그라시움,147,20.2억
강동구,래미안힐스테이트고덕,135,18.5억
강동구,고덕아르테온,133,19.0억
강동구,선사현대아파트,132,12.5억
강동구,고덕롯데캐슬베네루체,119,15.6억
강동구,롯데캐슬퍼스트,119,16.8억
강동구,삼익파크맨션,108,10.4억
강동구,삼익그린2차,80,15.9억
강동구,고덕센트럴IPARK,79,16.2억
강동구,래미안솔베뉴,72,16.3억
강북구,에스케이북한산시티,110,6.6억
강북구,벽산라이브파크,53,5.9억
강북구,삼성래미안트리베라2단지,46,8.4억
강북구,삼각산아이원,39,6.8억
강북구,꿈의숲해링턴플레이스,38,8.6억
강북구,두산위브트레지움,35,7.8억
강북구,래미안트리베라1단지,29,8.3억
강북구,미아동부센트레빌,24,8.4억
강북구,주공1단지,24,5.1억
강북구,수유벽산1차,18,6.1억
강서구,강서힐스테이트,83,14.0억
강서구,"우장산아이파크,이편한세상",80,13.1억
강서구,강변,78,6.4억
강서구,가양6단지,77,7.9억
강서구,마곡13단지힐스테이트마스터,59,14.1억
강서구,우장산힐스테이트,59,13.5억
강서구,가양2단지(성지),54,6.2억
강서구,등촌동아이파크,54,11.3억
강서구,가양도시개발9-2단지,53,6.1억
강서구,마곡엠밸리9단지,45,13.8억
관악구,관악푸르지오,89,9.0억
관악구,벽산블루밍,81,8.5억
관악구,관악드림(동아),72,9.5억
관악구,관악산휴먼시아2단지,63,6.8억
관악구,봉천우성,61,8.7억
관악구,관악드림(삼성),49,9.7억
관악구,힐스테이트뉴포레,49,11.4억
관악구,신림현대,47,5.9억
관악구,두산,46,10.4억
관악구,봉천동아,45,9.0억
광진구,더샵스타시티,56,23.1억
광진구,백악관타워,50,3.0억
광진구,현대파크빌,36,18.4억
광진구,현대프라임,36,19.0억
광진구,래미안파크스위트,27,15.3억
광진구,자양우성7,27,13.9억
광진구,현대3,27,16.8억
광진구,e편한세상광진그랜드파크,25,19.5억
광진구,우성3,24,14.5억
광진구,자양호반써밋,24,11.9억
구로구,한마을,65,8.4억
구로구,현대,50,7.9억
구로구,구로두산,47,5.2억
구로구,한진,42,6.0억
구로구,주공1,41,8.4억
구로구,신도림태영타운,40,11.1억
구로구,대림2,38,11.4억
구로구,동아1,38,12.1억
구로구,대우,37,6.3억
구로구,대림1,35,10.4억
금천구,관악산벽산타운5,53,5.2억
금천구,금천롯데캐슬골드파크3차,40,9.9억
금천구,남서울힐스테이트,40,9.3억
금천구,두산,38,6.9억
금천구,금천롯데캐슬골드파크1차,36,10.6억
금천구,독산주공14단지,30,3.8억
금천구,e편한세상독산더타워,21,7.8억
금천구,금천현대,18,5.8억
금천구,남서울건영2,17,3.6억
금천구,벽산,17,4.9억
노원구,중계무지개,94,4.9억
노원구,상계주공6(고층),86,5.8억
노원구,한진한화그랑빌,73,8.9억
노원구,상계주공9(고층),68,4.7억
노원구,상계주공3(고층),66,7.3억
노원구,태강아파트(아이파크),59,5.3억
노원구,중계그린1단지,57,4.9억
노원구,보람아파트,54,5.3억
노원구,장미(시영6),47,5.2억
노원구,포레나노원,47,10.1억
도봉구,창동주공3단지(해등마을),74,5.9억
도봉구,한신,58,5.7억
도봉구,주공17단지,46,3.2억
도봉구,동아청솔,41,8.3억
도봉구,창동주공4단지,38,3.8억
도봉구,주공19단지(창동리버타운),35,8.0억
도봉구,쌍용,34,8.2억
도봉구,삼성래미안,31,7.9억
도봉구,창동주공18단지,31,4.7억
도봉구,서원,29,3.4억
동대문구,래미안위브,123,14.1억
동대문구,래미안크레시티,112,14.8억
동대문구,전농SK,63,9.1억
동대문구,쌍용,55,8.1억
동대문구,힐스테이트청계,53,13.3억
동대문구,대림e-편한세상,51,9.3억
동대문구,장안현대홈타운(336),50,9.9억
동대문구,래미안미드카운티,49,13.5억
동대문구,래미안장안2차,44,10.1억
동대문구,답십리파크자이,43,11.3억
동작구,래미안상도3차,71,14.5억
동작구,대림아파트,69,14.2억
동작구,사당롯데캐슬골든포레,68,13.4억
동작구,힐스테이트 상도 센트럴파크,59,16.7억
동작구,보라매자이더포레스트,53,13.9억
동작구,사당자이,45,9.9억
동작구,흑석한강푸르지오,44,20.5억
동작구,힐스테이트 상도 프레스티지,42,16.2억
동작구,우성1차,41,13.1억
동작구,e편한세상상도노빌리티,40,18.6억
마포구,성산시영(선경),63,12.0억
마포구,성산시영(대우),59,11.1억
마포구,공덕자이,55,22.0억
마포구,우성,48,15.3억
마포구,성산시영(유원),47,13.6억
마포구,더클래시,46,20.7억
마포구,마포래미안푸르지오4단지,44,22.4억
마포구,신공덕1차삼성래미안1아파트,38,16.3억
마포구,서강GS,36,13.8억
마포구,도화동현대,33,13.7억
서대문구,DMC래미안e편한세상,103,13.0억
서대문구,DMC파크뷰자이1단지,101,14.2억
서대문구,서대문푸르지오센트럴파크,53,12.3억
서대문구,독립문극동(200-0),51,11.9억
서대문구,홍제역해링턴플레이스,51,13.0억
서대문구,힐스테이트신촌,48,15.7억
서대문구,두산,46,10.0억
서대문구,DMC에코자이,44,12.0억
서대문구,남가좌동현대,43,8.4억
서대문구,DMC래미안클라시스,42,9.1억
서초구,서초더샵포레,27,16.1억
서초구,반포자이,24,55.6억
서초구,서초센트럴IPARK,24,18.7억
서초구,래미안원베일리,22,66.3억
서초구,서초그랑자이,20,40.2억
서초구,롯데캐슬클래식,19,31.6억
서초구,신반포2,19,51.9억
서초구,엠브이아파트,18,19.5억
서초구,서초래미안,16,29.9억
서초구,호반써밋서초파크뷰(토지임대부아파트),16,13.0억
성동구,센트라스,93,18.1억
성동구,벽산,66,14.1억
성동구,대림e-편한세상,65,14.1억
성동구,텐즈힐(1단지),65,19.8억
성동구,신동아,63,10.6억
성동구,두산,55,14.5억
성동구,래미안 옥수 리버젠,51,22.9억
성동구,왕십리자이,49,14.5억
성동구,행당한진타운,49,15.4억
성동구,래미안하이리버,46,17.8억
성북구,롯데캐슬클라시아,86,13.7억
성북구,래미안길음센터피스,80,12.7억
성북구,래미안장위퍼스트하이,74,10.9억
성북구,월곡두산위브,73,8.0억
성북구,길음뉴타운4단지(e편한세상),69,9.5억
성북구,꿈의숲아이파크,67,11.6억
성북구,한진(609-1),64,7.0억
성북구,보문파크뷰자이,61,10.0억
성북구,길음뉴타운2단지푸르지오,60,8.4억
성북구,길음뉴타운8단지(래미안),60,11.5억
송파구,파크리오,110,27.9억
송파구,헬리오시티,101,27.0억
송파구,리센츠,91,27.2억
송파구,잠실엘스,89,32.0억
송파구,문정시영,73,7.0억
송파구,올림픽훼밀리타운,71,26.7억
송파구,가락(1차)쌍용아파트,64,16.7억
송파구,주공아파트 5단지,62,40.8억
송파구,문정래미안,57,18.2억
송파구,위례24단지(꿈에그린),53,13.7억
양천구,신월시영,73,5.5억
양천구,목동센트럴아이파크위브2단지,62,10.7억
양천구,목동우성2,48,10.1억
양천구,래미안목동아델리체(101동~118동),46,16.5억
양천구,목동신시가지7,43,25.5억
양천구,신트리1,39,6.7억
양천구,목동신시가지12,38,18.4억
양천구,목동힐스테이트,38,18.4억
양천구,목동신시가지9,37,23.9억
양천구,목동센트럴아이파크위브3단지,36,9.9억
영등포구,래미안에스티움,79,16.2억
영등포구,보라매에스케이뷰,72,16.2억
영등포구,영등포푸르지오,66,12.4억
영등포구,현대3차,53,9.1억
영등포구,신길센트럴자이아파트,49,15.6억
영등포구,힐스테이트클래시안,47,15.2억
영등포구,아크로타워스퀘어,45,17.5억
영등포구,삼환,44,9.7억
영등포구,e편한세상영등포아델포레,42,12.1억
영등포구,양평현대6차,39,10.7억
용산구,어반허브서울스테이션(UrbanHubSeoulStation),70,4.3억
용산구,삼성래미안,37,14.5억
용산구,용산남영역롯데캐슬헤리티지,36,4.5억
용산구,리버힐삼성,33,14.8억
용산구,산호,24,20.7억
용산구,신동아,19,41.6억
용산구,한남아이파크애비뉴,17,9.6억
용산구,강변삼성스위트,16,14.6억
용산구,용산KCC웰츠타워,16,16.6억
용산구,현대한강,15,21.6억
은평구,녹번역e편한세상캐슬,120,11.9억
은평구,래미안베라힐즈,64,11.3억
은평구,힐스테이트녹번역,51,11.6억
은평구,백련산에스케이뷰아이파크,48,9.6억
은평구,백련산힐스테이트2차,43,7.9억
은평구,북한산푸르지오,42,10.3억
은평구,힐스테이트녹번,42,11.3억
은평구,DMC롯데캐슬더퍼스트,39,11.0억
은평구,DMCSKVIEW,34,14.0억
은평구,DMC센트럴자이(3단지),34,15.9억
종로구,인왕산아이파크,38,13.7억
종로구,광화문스페이스본(101동~105동),28,17.7억
종로구,창신쌍용2,28,6.8억
종로구,현대,23,12.7억
종로구,경희궁자이(2단지),21,26.3억
종로구,경희궁자이(4단지),20,9.9억
종로구,경희궁자이(3단지),17,24.3억
종로구,창신쌍용1,17,7.3억
종로구,두산,16,9.1억
종로구,종로센트레빌,16,9.9억
중구,남산타운,93,14.4억
중구,약수하이츠,55,12.8억
중구,롯데캐슬,52,10.6억
중구,삼성,48,12.2억
중구,현대,48,9.8억
중구,서울역센트럴자이,40,18.3억
중구,래미안하이베르,37,13.5억
중구,신당푸르지오,23,13.7억
중구,청구e편한세상,22,17.6억
중구,삼성사이버빌리지,21,14.3억
중랑구,와이센트럴시티상봉,103,2.8억
중랑구,사가정센트럴아이파크,56,12.2억
중랑구,한신아파트상가동유치원동(103~109),54,7.0억
중랑구,신내6대주,53,4.8억
중랑구,상봉태솔아파트101동,31,5.8억
중랑구,한양수자인사가정파크,30,9.7억
중랑구,신내9진흥,29,4.0억
중랑구,건영2차,25,6.6억
중랑구,동성3,23,6.0억
중랑구,신내,23,4.7억
